{
  "per_layer": {
    "0": {
      "alpha": 0.04624729976058006,
      "beta": -0.02303067408502102,
      "r2": 0.002649245751443541,
      "cos_s_m": 0.04603178799152374,
      "cos_s_g": -0.022597942501306534,
      "cos_m_g": 0.009356430731713772,
      "cos_s_shat": 0.05147125944495201
    },
    "4": {
      "alpha": 0.04084034264087677,
      "beta": 0.07920359820127487,
      "r2": 0.006972902323815977,
      "cos_s_m": 0.028987649828195572,
      "cos_s_g": 0.07309187203645706,
      "cos_m_g": -0.1496482789516449,
      "cos_s_shat": 0.08350448310375214
    },
    "8": {
      "alpha": 0.06819046288728714,
      "beta": 0.0770953893661499,
      "r2": 0.009581317158716351,
      "cos_s_m": 0.06076778843998909,
      "cos_s_g": 0.07052991539239883,
      "cos_m_g": -0.09627912938594818,
      "cos_s_shat": 0.09788411855697632
    },
    "12": {
      "alpha": 0.0851798728108406,
      "beta": 0.06795105338096619,
      "r2": 0.01108848123319528,
      "cos_s_m": 0.08057459443807602,
      "cos_s_g": 0.06217801943421364,
      "cos_m_g": -0.06777408719062805,
      "cos_s_shat": 0.10530147701501846
    },
    "16": {
      "alpha": 0.11989084631204605,
      "beta": 0.04460464417934418,
      "r2": 0.0157892478143008,
      "cos_s_m": 0.11749620735645294,
      "cos_s_g": 0.03816817328333855,
      "cos_m_g": -0.05368565022945404,
      "cos_s_shat": 0.12565505504608154
    },
    "20": {
      "alpha": 0.18187876045703888,
      "beta": 0.0653591901063919,
      "r2": 0.03292670293565669,
      "cos_s_m": 0.16971439123153687,
      "cos_s_g": 0.03150884434580803,
      "cos_m_g": -0.18611466884613037,
      "cos_s_shat": 0.1814574897289276
    },
    "24": {
      "alpha": 0.23205547034740448,
      "beta": 0.12810668349266052,
      "r2": 0.06254861497464603,
      "cos_s_m": 0.21543775498867035,
      "cos_s_g": 0.09800487011671066,
      "cos_m_g": -0.1297181099653244,
      "cos_s_shat": 0.2500971555709839
    },
    "28": {
      "alpha": 0.27035459876060486,
      "beta": 0.07532820850610733,
      "r2": 0.0696064596099143,
      "cos_s_m": 0.2534148097038269,
      "cos_s_g": 0.014530803076922894,
      "cos_m_g": -0.2248798906803131,
      "cos_s_shat": 0.2638302743434906
    },
    "32": {
      "alpha": 0.20679262280464172,
      "beta": 0.007732068654149771,
      "r2": 0.0423388178309313,
      "cos_s_m": 0.2056218981742859,
      "cos_s_g": -0.023582741618156433,
      "cos_m_g": -0.1514309048652649,
      "cos_s_shat": 0.20576390624046326
    },
    "36": {
      "alpha": 0.15135033428668976,
      "beta": 0.009574336931109428,
      "r2": 0.02298888529804488,
      "cos_s_m": 0.15131855010986328,
      "cos_s_g": 0.009072776883840561,
      "cos_m_g": -0.003313869470730424,
      "cos_s_shat": 0.15162111818790436
    },
    "40": {
      "alpha": 0.12855730950832367,
      "beta": 0.0400807186961174,
      "r2": 0.01815144693134685,
      "cos_s_m": 0.12862735986709595,
      "cos_s_g": 0.04030531644821167,
      "cos_m_g": 0.0017473041079938412,
      "cos_s_shat": 0.134727343916893
    },
    "44": {
      "alpha": 0.1036016121506691,
      "beta": 0.04337054118514061,
      "r2": 0.012544441180762145,
      "cos_s_m": 0.10326460748910904,
      "cos_s_g": 0.04256545007228851,
      "cos_m_g": -0.00777058070525527,
      "cos_s_shat": 0.11200205981731415
    },
    "47": {
      "alpha": 0.17351655662059784,
      "beta": -0.00731002539396286,
      "r2": 0.030055841134279726,
      "cos_s_m": 0.17321202158927917,
      "cos_s_g": -8.010829333215952e-05,
      "cos_m_g": 0.04166697710752487,
      "cos_s_shat": 0.17336586117744446
    }
  },
  "summary": {
    "layers": [
      0,
      4,
      8,
      12,
      16,
      20,
      24,
      28,
      32,
      36,
      40,
      44,
      47
    ],
    "alpha_mean": 0.13911201059818268,
    "beta_mean": 0.04677428677678108,
    "r2_mean": 0.025941722095012665
  }
}