{
  "per_layer": {
    "0": {
      "alpha": 0.047466643154621124,
      "beta": -0.05158112570643425,
      "r2": 0.004777547280158556,
      "cos_s_m": 0.04603178799152374,
      "cos_s_g": -0.050260625779628754,
      "cos_m_g": 0.027817033231258392,
      "cos_s_shat": 0.06911922991275787
    },
    "4": {
      "alpha": 0.029788261279463768,
      "beta": -0.024077486246824265,
      "r2": 0.00141918523866158,
      "cos_s_m": 0.028987649828195572,
      "cos_s_g": -0.023087020963430405,
      "cos_m_g": 0.03325055539608002,
      "cos_s_shat": 0.03767450898885727
    },
    "8": {
      "alpha": 0.06098021939396858,
      "beta": -0.028909793123602867,
      "r2": 0.004528517632882756,
      "cos_s_m": 0.06076778843998909,
      "cos_s_g": -0.028461668640375137,
      "cos_m_g": 0.007348307874053717,
      "cos_s_shat": 0.06729376316070557
    },
    "12": {
      "alpha": 0.08343283087015152,
      "beta": -0.07780836522579193,
      "r2": 0.012538303402885975,
      "cos_s_m": 0.08057459443807602,
      "cos_s_g": -0.07474347203969955,
      "cos_m_g": 0.0367349237203598,
      "cos_s_shat": 0.11197428405284882
    },
    "16": {
      "alpha": 0.12054485082626343,
      "beta": -0.07324215769767761,
      "r2": 0.01916048170020812,
      "cos_s_m": 0.11749620735645294,
      "cos_s_g": -0.06822434067726135,
      "cos_m_g": 0.041624099016189575,
      "cos_s_shat": 0.13842126727104187
    },
    "20": {
      "alpha": 0.17100031673908234,
      "beta": -0.025381896644830704,
      "r2": 0.029445616601640023,
      "cos_s_m": 0.16971439123153687,
      "cos_s_g": -0.016718879342079163,
      "cos_m_g": 0.050660863518714905,
      "cos_s_shat": 0.17159709334373474
    },
    "24": {
      "alpha": 0.216330885887146,
      "beta": -0.015521694906055927,
      "r2": 0.04665356717237967,
      "cos_s_m": 0.21543775498867035,
      "cos_s_g": -0.0030733924359083176,
      "cos_m_g": 0.05754296854138374,
      "cos_s_shat": 0.21599429845809937
    },
    "28": {
      "alpha": 0.25418752431869507,
      "beta": -0.014729231595993042,
      "r2": 0.06443546481673146,
      "cos_s_m": 0.2534148097038269,
      "cos_s_g": -0.001394080463796854,
      "cos_m_g": 0.052461907267570496,
      "cos_s_shat": 0.2538413405418396
    },
    "32": {
      "alpha": 0.20625098049640656,
      "beta": -0.020949089899659157,
      "r2": 0.04271885677419418,
      "cos_s_m": 0.2056218981742859,
      "cos_s_g": -0.01475412305444479,
      "cos_m_g": 0.03003586456179619,
      "cos_s_shat": 0.20668534934520721
    },
    "36": {
      "alpha": 0.15133517980575562,
      "beta": 0.0031083642970770597,
      "r2": 0.022907048228081428,
      "cos_s_m": 0.15131855010986328,
      "cos_s_g": 0.002301868749782443,
      "cos_m_g": -0.005329210311174393,
      "cos_s_shat": 0.1513504534959793
    },
    "40": {
      "alpha": 0.12863758206367493,
      "beta": -0.019513601437211037,
      "r2": 0.016925738038996885,
      "cos_s_m": 0.12862735986709595,
      "cos_s_g": -0.01944609545171261,
      "cos_m_g": 0.0005249703535810113,
      "cos_s_shat": 0.1300991326570511
    },
    "44": {
      "alpha": 0.10320155322551727,
      "beta": -0.010656141676008701,
      "r2": 0.010777045939401653,
      "cos_s_m": 0.10326460748910904,
      "cos_s_g": -0.011266677640378475,
      "cos_m_g": -0.005916159600019455,
      "cos_s_shat": 0.10381293296813965
    },
    "47": {
      "alpha": 0.1779080182313919,
      "beta": -0.0239751935005188,
      "r2": 0.030555267797953367,
      "cos_s_m": 0.17321202158927917,
      "cos_s_g": 0.010871697217226028,
      "cos_m_g": 0.19587048888206482,
      "cos_s_shat": 0.17480029165744781
    }
  },
  "summary": {
    "layers": [
      0,
      4,
      8,
      12,
      16,
      20,
      24,
      28,
      32,
      36,
      40,
      44,
      47
    ],
    "alpha_mean": 0.13469728827476501,
    "beta_mean": -0.029479801654815674,
    "r2_mean": 0.023603281006217003
  }
}