{
  "0": 8.898517608642578,
  "4": 487.8873596191406,
  "8": 2039.6143798828125,
  "12": 2289.864013671875,
  "16": 2249.5068359375,
  "20": 2280.64453125,
  "24": 2503.3203125,
  "28": 2658.79736328125,
  "32": 3139.342529296875,
  "36": 4344.64306640625,
  "40": 6822.08349609375,
  "44": 9721.9384765625,
  "47": 15950.9140625
}