{
  "0": 1.1875,
  "4": 2.359375,
  "8": 3.90625,
  "12": 6.09375,
  "16": 9.5625,
  "20": 11.5625,
  "24": 14.0,
  "28": 16.375,
  "32": 24.625,
  "36": 39.25,
  "40": 59.0,
  "44": 77.5,
  "47": 28.875
}