{
  "0": 1.0546875,
  "4": 2.0,
  "8": 3.453125,
  "12": 5.25,
  "16": 7.625,
  "20": 9.75,
  "24": 12.0625,
  "28": 15.6875,
  "32": 21.75,
  "36": 33.25,
  "40": 46.75,
  "44": 60.5,
  "47": 20.125
}